,Date,Symbol,Side,Price,Realized Profit
589,2022-01-28 17:53:46,SOLUSDT,BUY,91.22625,-106.60000000000001
588,2022-01-28 13:31:12,SOLUSDT,SELL,88.0,0.0
587,2022-01-28 12:09:38,SOLUSDT,SELL,88.64750000000001,6.31
586,2022-01-28 00:44:30,SOLUSDT,BUY,88.45,0.0
585,2022-01-27 22:19:36,SOLUSDT,SELL,88.92,-110.98
584,2022-01-27 15:22:43,SOLUSDT,BUY,92.5,0.0
583,2022-01-27 15:19:31,SOLUSDT,BUY,92.34133333333334,-79.71
582,2022-01-27 03:44:40,SOLUSDT,SELL,90.0,0.0
581,2022-01-26 23:49:57,SOLUSDT,SELL,90.006,-152.79
580,2022-01-25 22:41:05,SOLUSDT,BUY,94.5,0.0
579,2022-01-25 01:14:11,SOLUSDT,SELL,92.0,245.0
578,2022-01-24 18:46:28,SOLUSDT,BUY,85.0,0.0
577,2022-01-24 01:12:43,SOLUSDT,BUY,100.84,-179.4
576,2022-01-23 21:14:21,SOLUSDT,SELL,95.238,0.0
575,2022-01-23 20:55:44,SOLUSDT,SELL,95.31333333333333,43.28
574,2022-01-23 01:23:31,SOLUSDT,BUY,94.0,0.0
573,2022-01-23 01:20:08,SOLUSDT,BUY,93.48,74.48
572,2022-01-22 17:20:27,SOLUSDT,BUY,94.8725,6.29
571,2022-01-22 17:17:43,SOLUSDT,SELL,95.0,0.0
570,2022-01-22 08:29:33,SOLUSDT,BUY,100.878,1115.73
569,2022-01-22 00:09:28,SOLUSDT,SELL,114.0,0.0
568,2022-01-22 00:09:27,SOLUSDT,SELL,114.0,0.0
567,2022-01-22 00:08:10,SOLUSDT,SELL,113.1,-30.6
566,2022-01-22 00:05:11,SOLUSDT,BUY,114.0,0.0
565,2022-01-21 23:50:26,SOLUSDT,SELL,109.72,-267.28
564,2022-01-21 15:35:43,SOLUSDT,SELL,117.05199999999999,-230.0
563,2022-01-21 14:10:40,SOLUSDT,BUY,120.0,0.0
562,2022-01-16 20:35:11,AAVEUSDT,SELL,236.79722222222225,-493.64899988
561,2022-01-16 16:06:02,AAVEUSDT,BUY,244.84647058823532,0.0
560,2022-01-16 16:05:50,AAVEUSDT,SELL,244.64124999999999,7.36799995
559,2022-01-16 16:04:00,AAVEUSDT,BUY,244.44916666666666,0.0
558,2022-01-16 15:58:37,AAVEUSDT,BUY,242.16083333333333,-198.97599994
557,2022-01-16 15:29:40,AAVEUSDT,SELL,237.24625,0.0
556,2022-01-16 15:26:34,AAVEUSDT,SELL,237.98125,-83.213
555,2022-01-16 14:43:01,AAVEUSDT,BUY,240.0,0.0
554,2022-01-16 14:42:32,SOLUSDT,SELL,148.256,-107.24999998
553,2022-01-16 12:30:31,SOLUSDT,BUY,149.82363636363635,0.0
552,2022-01-16 12:29:35,SOLUSDT,BUY,149.86555555555555,124.28
551,2022-01-13 17:54:45,SOLUSDT,SELL,151.79,0.0
550,2022-01-13 17:54:33,SOLUSDT,BUY,151.82,13.86
549,2022-01-13 17:50:34,SOLUSDT,SELL,152.48,0.0
548,2022-01-13 17:40:29,SOLUSDT,BUY,154.26749999999998,-226.76
547,2022-01-13 17:35:15,SOLUSDT,SELL,152.3,0.0
546,2022-01-13 17:33:20,SOLUSDT,SELL,152.21800000000002,-92.79
545,2022-01-13 17:19:15,SOLUSDT,BUY,153.0,0.0
544,2022-01-12 11:26:20,SOLUSDT,BUY,144.127,-201.70999995
543,2022-01-11 23:15:59,SOLUSDT,SELL,141.63625,0.0
542,2022-01-11 03:22:28,SOLUSDT,BUY,134.655,-32.78999997
541,2022-01-11 03:10:33,SOLUSDT,SELL,134.28,0.0
540,2022-01-11 03:10:32,SOLUSDT,SELL,134.28,0.0
539,2022-01-11 03:10:30,SOLUSDT,SELL,134.28,0.0
538,2022-01-11 03:10:29,SOLUSDT,SELL,134.28,0.0
537,2022-01-11 03:10:26,SOLUSDT,SELL,134.28,0.0
536,2022-01-11 03:10:25,SOLUSDT,SELL,134.28666666666666,0.0
535,2022-01-11 03:09:58,SOLUSDT,SELL,134.215,-68.83
534,2022-01-11 00:17:24,SOLUSDT,BUY,135.0,0.0
533,2022-01-11 00:14:36,SOLUSDT,BUY,135.79833333333332,-687.69999996
532,2022-01-10 19:34:31,SOLUSDT,SELL,131.893,0.0
531,2022-01-10 19:34:14,SOLUSDT,BUY,132.05645161290323,-198.29999985
530,2022-01-10 19:33:37,SOLUSDT,SELL,131.53071428571428,0.0
529,2022-01-10 19:33:25,SOLUSDT,BUY,131.50333333333333,53.809999950000005
528,2022-01-10 19:31:00,SOLUSDT,SELL,132.24666666666667,0.0
527,2022-01-10 19:30:27,SOLUSDT,BUY,132.04333333333332,95.87999994
526,2022-01-10 19:29:27,SOLUSDT,SELL,132.93846153846152,0.0
525,2022-01-10 19:29:18,SOLUSDT,SELL,132.72,-340.06999998
524,2022-01-10 18:54:46,SOLUSDT,BUY,135.733,0.0
523,2022-01-10 18:53:59,SOLUSDT,BUY,136.0225,401.52
522,2022-01-10 13:45:27,SOLUSDT,SELL,140.0,0.0
521,2022-01-10 01:57:34,SOLUSDT,SELL,140.726,-25.34999997
520,2022-01-10 01:45:30,SOLUSDT,BUY,140.97,0.0
519,2022-01-10 01:29:09,SOLUSDT,SELL,139.93,-538.60999998
518,2022-01-09 21:28:43,SOLUSDT,BUY,144.871,0.0
517,2022-01-09 21:23:05,SOLUSDT,BUY,144.20125,-91.87
516,2022-01-09 20:58:25,SOLUSDT,SELL,143.39,0.0
515,2022-01-09 20:43:49,SOLUSDT,SELL,143.80181818181816,-109.90999995
514,2022-01-09 20:18:43,SOLUSDT,BUY,144.767,0.0
513,2022-01-09 20:17:52,SOLUSDT,BUY,144.62833333333333,89.09999997
512,2022-01-08 14:25:39,SOLUSDT,SELL,145.42,0.0
511,2022-01-08 14:25:38,SOLUSDT,SELL,145.4257142857143,0.0
510,2022-01-07 05:06:48,SOLUSDT,SELL,143.68,-278.75999999
509,2022-01-07 02:50:24,SOLUSDT,BUY,146.05625,0.0
508,2022-01-07 02:11:04,SOLUSDT,SELL,149.12625,-345.16
507,2022-01-06 22:27:49,SOLUSDT,BUY,152.0,0.0
506,2022-01-06 22:27:48,SOLUSDT,BUY,152.0,0.0
505,2022-01-06 00:28:39,SOLUSDT,BUY,150.07,2095.59
504,2022-01-05 14:47:53,SOLUSDT,SELL,167.68,0.0
503,2022-01-05 14:47:52,SOLUSDT,SELL,167.68,0.0
502,2022-01-05 14:47:23,SOLUSDT,SELL,167.6585714285714,-289.18999999
501,2022-01-04 12:59:48,SOLUSDT,BUY,169.9335714285714,0.0
500,2022-01-03 00:51:05,AAVEUSDT,BUY,264.87333333333333,-245.807
499,2022-01-01 04:20:54,AAVEUSDT,BUY,261.5327272727273,-152.92000000000002
498,2021-12-31 21:04:26,AAVEUSDT,SELL,256.0,0.0
497,2021-12-31 21:04:25,AAVEUSDT,SELL,256.0,0.0
496,2021-12-31 21:03:55,AAVEUSDT,SELL,255.79928571428573,-198.211
495,2021-12-30 19:33:25,AAVEUSDT,BUY,259.27,0.0
494,2021-12-30 19:33:23,AAVEUSDT,BUY,259.27,0.0
493,2021-12-30 19:10:36,AAVEUSDT,BUY,256.286,401.05199994
492,2021-12-28 19:40:44,AAVEUSDT,SELL,268.18454545454546,0.0
491,2021-12-28 19:40:32,AAVEUSDT,BUY,268.24518518518516,-51.497
490,2021-12-28 19:38:05,AAVEUSDT,SELL,267.26,0.0
489,2021-12-28 19:37:37,AAVEUSDT,SELL,266.65285714285716,91.50399994
488,2021-12-26 15:57:13,AAVEUSDT,BUY,264.0,0.0
487,2021-12-26 15:51:26,AAVEUSDT,BUY,263.99,0.0
486,2021-12-26 15:34:49,AAVEUSDT,BUY,264.47,-362.627
485,2021-12-26 12:25:57,AAVEUSDT,SELL,255.0,0.0
484,2021-12-26 04:50:35,AAVEUSDT,SELL,254.56066666666666,-852.93599993
483,2021-12-24 19:59:19,AAVEUSDT,BUY,274.9657142857143,0.0
482,2021-12-24 00:32:21,AAVEUSDT,SELL,244.45846153846153,-100.457
481,2021-12-24 00:00:38,AAVEUSDT,BUY,246.56000000000003,0.0
480,2021-12-22 16:27:55,AAVEUSDT,BUY,209.36263157894737,-315.25899991
479,2021-12-22 14:49:47,AAVEUSDT,SELL,204.14333333333332,0.0
478,2021-12-22 13:27:32,AAVEUSDT,SELL,199.9375,833.608
477,2021-12-22 00:45:11,AAVEUSDT,BUY,185.5,0.0
476,2021-12-22 00:45:02,AAVEUSDT,BUY,185.5,0.0
475,2021-12-22 00:45:01,AAVEUSDT,BUY,185.5,0.0
474,2021-12-22 00:40:48,AAVEUSDT,BUY,185.5,0.0
473,2021-12-22 00:40:47,AAVEUSDT,BUY,185.5,0.0
472,2021-12-22 00:40:46,AAVEUSDT,BUY,185.5,0.0
471,2021-12-22 00:40:22,AAVEUSDT,BUY,185.5,0.0
470,2021-12-20 22:22:13,AAVEUSDT,SELL,180.00333333333333,625.48099996
469,2021-12-20 16:37:54,AAVEUSDT,BUY,168.85399999999998,0.0
468,2021-12-20 16:33:23,AAVEUSDT,SELL,167.77105263157895,-19.8
467,2021-12-20 16:25:08,AAVEUSDT,BUY,168.0,0.0
466,2021-12-20 02:16:03,AAVEUSDT,BUY,180.8709090909091,758.222
465,2021-12-18 20:18:19,AAVEUSDT,SELL,193.0,0.0
464,2021-12-18 20:18:13,AAVEUSDT,SELL,193.0,0.0
463,2021-12-18 20:18:08,AAVEUSDT,SELL,193.0,0.0
462,2021-12-18 20:18:02,AAVEUSDT,SELL,193.0,0.0
461,2021-12-18 20:14:59,AAVEUSDT,SELL,192.71076923076922,-81.588
460,2021-12-18 15:31:32,AAVEUSDT,BUY,194.0,0.0
459,2021-12-18 15:31:31,AAVEUSDT,BUY,194.0,0.0
458,2021-12-18 15:31:29,AAVEUSDT,BUY,194.0,0.0
457,2021-12-17 21:17:57,SANDUSDT,BUY,4.972141176470588,-125.91699989
456,2021-12-17 19:50:14,SANDUSDT,SELL,4.90015,0.0
455,2021-12-17 19:49:42,SANDUSDT,SELL,4.89368,-280.526
454,2021-12-17 19:00:26,SANDUSDT,BUY,5.05,0.0
453,2021-12-17 18:57:30,SANDUSDT,BUY,5.0,-147.5176
452,2021-12-17 18:49:53,SANDUSDT,SELL,4.9224,0.0
451,2021-12-17 18:48:39,SANDUSDT,SELL,4.922871428571428,-52.2221
450,2021-12-17 18:23:40,SANDUSDT,BUY,4.95,0.0
449,2021-12-17 18:23:39,SANDUSDT,BUY,4.95,0.0
448,2021-12-17 16:04:25,SANDUSDT,BUY,4.79962,263.6078
447,2021-12-16 19:33:50,SANDUSDT,SELL,5.1,0.0
446,2021-12-16 19:26:18,SANDUSDT,SELL,5.090025,-140.7772
445,2021-12-16 14:09:52,SANDUSDT,BUY,5.25,0.0
444,2021-12-16 13:57:11,SANDUSDT,BUY,5.265642857142857,-91.06939994
443,2021-12-16 12:48:37,SANDUSDT,SELL,5.232333333333333,0.0
442,2021-12-16 12:45:50,SANDUSDT,SELL,5.22965,-159.31779995000002
441,2021-12-16 12:18:42,SANDUSDT,BUY,5.286618181818182,0.0
440,2021-12-15 21:08:48,SANDUSDT,BUY,4.904379615384615,-247.68659988
439,2021-12-15 13:56:34,SANDUSDT,SELL,4.752121428571429,0.0
438,2021-12-15 13:56:17,SANDUSDT,SELL,4.750092857142858,-101.70769994
437,2021-12-14 23:52:02,SANDUSDT,BUY,4.7966875,0.0
436,2021-12-14 23:51:17,SANDUSDT,BUY,4.810275,-22.7326
435,2021-12-14 11:33:21,SANDUSDT,SELL,4.8,0.0
434,2021-12-14 08:08:51,SANDUSDT,SELL,4.644033333333334,-367.79650000000004
433,2021-12-13 21:23:32,SANDUSDT,BUY,4.8,0.0
432,2021-12-12 10:03:35,SANDUSDT,BUY,5.42089125,-271.13216
431,2021-12-12 09:51:43,SANDUSDT,SELL,5.3,0.0
430,2021-12-12 02:17:10,SANDUSDT,BUY,5.15105,-381.3845
429,2021-12-11 22:33:55,SANDUSDT,SELL,5.0,0.0
428,2021-12-11 22:33:54,SANDUSDT,SELL,5.0000333333333336,0.0
427,2021-12-11 22:32:22,SANDUSDT,SELL,4.988576,461.55978
426,2021-12-11 02:26:39,SANDUSDT,BUY,4.8,0.0
425,2021-12-07 23:15:17,SANDUSDT,BUY,5.336475,-82.18014
424,2021-12-07 22:42:45,SANDUSDT,SELL,5.3,0.0
423,2021-12-07 22:34:07,SANDUSDT,SELL,5.3133825,-555.98488
422,2021-12-07 17:03:06,SANDUSDT,BUY,5.55,0.0
421,2021-12-07 04:42:44,SANDUSDT,SELL,5.2977135,-257.62489
420,2021-12-06 23:51:06,SANDUSDT,BUY,5.400000000000001,0.0
419,2021-12-06 18:00:20,SANDUSDT,BUY,5.250681111111111,-276.14607
418,2021-12-06 10:03:26,SANDUSDT,SELL,5.15,0.0
417,2021-12-06 08:54:16,SANDUSDT,BUY,4.99,1341.78
416,2021-12-05 14:09:24,SANDUSDT,SELL,5.650000000000001,0.0
415,2021-12-05 01:31:34,SANDUSDT,SELL,6.031767666666666,59.90372
414,2021-12-05 00:20:24,SANDUSDT,BUY,6.0,0.0
413,2021-12-05 00:14:45,SANDUSDT,BUY,5.957703333333334,-56.27328
412,2021-12-04 23:55:15,SANDUSDT,SELL,5.9,0.0
411,2021-12-04 22:45:45,SANDUSDT,BUY,6.12,-368.18607993
410,2021-12-04 20:39:49,SANDUSDT,SELL,5.772024,0.0
409,2021-12-04 20:32:50,SANDUSDT,BUY,5.836108421052631,-239.64051
408,2021-12-04 19:28:13,SANDUSDT,SELL,5.72829,0.0
407,2021-12-04 19:26:32,SANDUSDT,SELL,5.7,551.10068
406,2021-12-04 16:31:06,SANDUSDT,BUY,5.44151,0.0
405,2021-12-04 16:30:41,SANDUSDT,BUY,5.43791,-440.1023799
404,2021-12-04 11:36:09,SANDUSDT,SELL,5.253412857142857,0.0
403,2021-12-04 06:43:27,SANDUSDT,SELL,5.589857142857142,-343.33039
402,2021-12-04 03:49:18,SANDUSDT,BUY,5.79,0.0
401,2021-12-04 03:46:45,SANDUSDT,BUY,5.77349625,-122.23224995999999
400,2021-12-04 03:15:33,SANDUSDT,SELL,5.705212727272727,0.0
399,2021-12-03 04:43:39,SANDUSDT,SELL,6.38898,-259.20265999000003
398,2021-12-03 03:09:38,SANDUSDT,BUY,6.634416923076923,0.0
397,2021-12-03 02:32:18,SANDUSDT,SELL,6.51519,-207.79342997999998
396,2021-12-03 01:16:47,SANDUSDT,BUY,6.610036363636363,0.0
395,2021-12-03 01:13:50,SANDUSDT,BUY,6.607376470588235,12.99200999
394,2021-12-03 00:23:56,SANDUSDT,SELL,6.613629999999999,0.0
393,2021-12-03 00:23:55,SANDUSDT,SELL,6.61363,0.0
392,2021-12-02 23:21:46,SANDUSDT,SELL,6.450281538461538,-100.55272991999999
391,2021-12-02 23:17:15,SANDUSDT,BUY,6.494625,0.0
390,2021-12-02 13:55:23,SANDUSDT,BUY,6.21768074074074,-149.55247988
389,2021-12-02 13:11:58,SANDUSDT,SELL,6.156220769230769,0.0
388,2021-12-01 10:05:43,SANDUSDT,SELL,6.675056428571429,-287.22183
387,2021-11-30 22:58:07,SANDUSDT,BUY,6.8,0.0
386,2021-11-30 22:51:11,SANDUSDT,BUY,6.7833825,-125.00948
385,2021-11-30 18:03:31,SANDUSDT,SELL,6.73055,0.0
384,2021-11-30 18:03:30,SANDUSDT,SELL,6.73055,0.0
383,2021-11-30 18:02:41,SANDUSDT,SELL,6.742655,-504.88091000000003
382,2021-11-30 17:37:41,SANDUSDT,BUY,6.95,0.0
381,2021-11-30 17:37:40,SANDUSDT,BUY,6.95,0.0
380,2021-11-30 17:29:58,SANDUSDT,BUY,6.852214166666666,-265.32299
379,2021-11-30 17:15:25,SANDUSDT,SELL,6.75,0.0
378,2021-11-30 17:06:21,SANDUSDT,SELL,6.788477333333334,-157.60508988
377,2021-11-30 13:02:44,SANDUSDT,BUY,6.849557692307693,0.0
376,2021-11-29 15:44:24,SANDUSDT,BUY,6.988274,893.1950999999999
375,2021-11-29 11:06:02,SANDUSDT,SELL,7.4,0.0
374,2021-11-29 10:09:24,SANDUSDT,SELL,7.503197777777777,-188.30455
373,2021-11-29 09:39:18,SANDUSDT,BUY,7.59,0.0
372,2021-11-28 04:24:43,SANDUSDT,BUY,6.0026375,1101.11202998
371,2021-11-27 22:32:24,SANDUSDT,SELL,6.50516,0.0
370,2021-11-27 22:28:49,SANDUSDT,SELL,6.535174117647059,183.53986
369,2021-11-27 20:00:12,SANDUSDT,BUY,6.45,0.0
368,2021-11-27 20:00:11,SANDUSDT,BUY,6.45,0.0
367,2021-11-27 19:47:10,SANDUSDT,SELL,6.424352000000001,9.124319999999999
366,2021-11-27 14:35:02,SANDUSDT,BUY,6.42,0.0
365,2021-11-27 14:29:01,SANDUSDT,BUY,6.4,106.6
364,2021-11-27 13:20:36,SANDUSDT,BUY,6.56211,-66.40684
363,2021-11-27 13:10:50,SANDUSDT,SELL,6.5,0.0
362,2021-11-27 13:10:45,SANDUSDT,SELL,6.5,0.0
361,2021-11-27 08:28:45,SANDUSDT,BUY,6.393701666666666,886.81284
360,2021-11-27 01:29:13,SANDUSDT,SELL,6.9,0.0
359,2021-11-27 00:54:34,SANDUSDT,SELL,6.9700549999999994,-304.78652
358,2021-11-26 18:34:57,SANDUSDT,BUY,7.14,0.0
357,2021-11-26 18:34:54,SANDUSDT,BUY,7.14,0.0
356,2021-11-26 18:33:07,SANDUSDT,BUY,7.108416,56.49757995
355,2021-11-26 11:57:33,SANDUSDT,SELL,7.14598,0.0
354,2021-11-26 04:06:04,SANDUSDT,SELL,7.188963333333334,15.88358997
353,2021-11-25 22:36:12,SANDUSDT,BUY,7.18,0.0
352,2021-11-25 22:36:11,SANDUSDT,BUY,7.179683750000001,0.0
351,2021-11-25 12:40:54,SANDUSDT,BUY,7.276694000000001,1087.66794998
350,2021-11-25 09:46:54,SANDUSDT,SELL,8.113634000000001,0.0
349,2021-11-24 15:53:32,SANDUSDT,SELL,6.64395,-423.25065
348,2021-11-24 15:08:18,SANDUSDT,BUY,6.9,0.0
347,2021-11-24 15:03:03,SANDUSDT,BUY,6.846365,240.20982999999998
346,2021-11-24 12:15:12,SANDUSDT,SELL,7.0,0.0
345,2021-11-24 04:00:42,SANDUSDT,SELL,5.999606666666666,1080.76676996
344,2021-11-23 10:36:06,SANDUSDT,BUY,5.342129999999999,0.0
343,2021-11-23 09:54:47,SANDUSDT,SELL,5.391771666666666,-13.37523997
342,2021-11-23 09:53:56,SANDUSDT,BUY,5.4,0.0
341,2021-11-23 09:53:55,SANDUSDT,BUY,5.39987,0.0
340,2021-11-23 08:05:17,SANDUSDT,BUY,5.212208888888889,-91.4091
339,2021-11-23 07:23:11,SANDUSDT,SELL,5.16,0.0
338,2021-11-23 07:23:10,SANDUSDT,SELL,5.16,0.0
337,2021-11-22 18:52:57,SANDUSDT,SELL,4.498065555555556,735.22601
336,2021-11-22 15:36:52,SANDUSDT,BUY,4.1,0.0
335,2021-11-22 15:34:00,SOLUSDT,BUY,220.0873333333333,-183.13500000000002
334,2021-11-22 15:20:34,SOLUSDT,SELL,215.0,0.0
333,2021-11-19 02:12:45,SANDUSDT,BUY,4.456648181818182,-485.83206
332,2021-11-19 01:34:35,SANDUSDT,SELL,4.3,0.0
331,2021-11-18 17:34:50,SANDUSDT,BUY,4.197088181818182,193.09604995
330,2021-11-18 14:45:10,SANDUSDT,SELL,4.261133333333333,0.0
329,2021-11-18 14:44:10,SANDUSDT,BUY,4.296,-330.29755999
328,2021-11-18 14:13:58,SANDUSDT,SELL,4.196140714285714,0.0
327,2021-11-17 20:39:00,SANDUSDT,SELL,3.3038875,-197.15240996
326,2021-11-17 20:01:27,SANDUSDT,BUY,3.349049375,0.0
325,2021-11-17 17:24:30,SANDUSDT,SELL,3.232378333333333,-400.23299
324,2021-11-17 13:42:49,SANDUSDT,BUY,3.5,0.0
323,2021-11-17 13:20:27,SANDUSDT,BUY,3.4055666666666666,-101.23178998
322,2021-11-17 12:48:09,SANDUSDT,SELL,3.21035,0.0
321,2021-11-13 18:55:01,XRPUSDT,SELL,1.2,0.0
320,2021-11-13 18:40:34,XRPUSDT,BUY,1.2,0.0
319,2021-11-13 18:11:54,SANDUSDT,BUY,2.966032,-186.24308
318,2021-11-13 15:50:50,SANDUSDT,SELL,2.9222,0.0
317,2021-11-13 15:43:08,SANDUSDT,BUY,2.9614116666666668,41.745899969999996
316,2021-11-13 15:20:28,SANDUSDT,SELL,2.9714384210526315,0.0
315,2021-11-13 15:19:12,SANDUSDT,SELL,2.968104117647059,-61.6345099
314,2021-11-13 14:42:02,SANDUSDT,BUY,3.00142,0.0
313,2021-11-13 02:39:18,SANDUSDT,BUY,2.620935,-42.92653998
312,2021-11-13 02:11:49,SANDUSDT,SELL,2.60103875,0.0
311,2021-11-13 02:03:12,SANDUSDT,BUY,2.6708963636363636,-1.56065
310,2021-11-12 15:51:03,SANDUSDT,SELL,2.67,0.0
309,2021-11-12 04:36:21,SOLUSDT,SELL,236.55169999999998,-104.517
308,2021-11-12 04:17:04,SOLUSDT,BUY,238.0,0.0
307,2021-11-12 04:11:58,SOLUSDT,BUY,238.48449999999997,-226.68
306,2021-11-12 03:34:18,SANDUSDT,SELL,2.528198,-2.55606
305,2021-11-12 03:32:33,SANDUSDT,BUY,2.5303,0.0
304,2021-11-12 03:28:37,SANDUSDT,BUY,2.5058158333333336,-113.63168999999999
303,2021-11-12 03:19:02,SANDUSDT,SELL,2.46,0.0
302,2021-11-12 02:34:27,MATICUSDT,SELL,1.75508,-21.23249997
301,2021-11-12 01:41:57,SOLUSDT,SELL,235.0,0.0
300,2021-11-12 01:37:52,MATICUSDT,SELL,1.7676083333333334,0.32209994
299,2021-11-11 23:27:44,MATICUSDT,BUY,1.7673142857142856,0.0
298,2021-11-11 23:26:46,MATICUSDT,BUY,1.7729666666666664,-202.8478
297,2021-11-11 16:00:01,MATICUSDT,SELL,1.715,0.0
296,2021-11-09 17:04:05,CHZUSDT,SELL,0.47112789473684213,-110.96488000000001
295,2021-11-09 16:13:57,CHZUSDT,BUY,0.48,0.0
294,2021-11-09 11:40:38,ADAUSDT,SELL,2.271275,686.3944
293,2021-11-07 17:56:39,ADAUSDT,BUY,2.03,0.0
292,2021-11-07 17:56:38,ADAUSDT,BUY,2.03,0.0
291,2021-11-04 18:44:07,1000SHIBUSDT,BUY,0.048015333333333333,551.652657
290,2021-11-04 17:38:05,SOLUSDT,BUY,240.0136,-26.212
289,2021-11-04 17:11:19,SOLUSDT,SELL,239.28640000000001,0.0
288,2021-11-04 16:50:34,SOLUSDT,BUY,244.6505,-284.42899998
287,2021-11-04 13:45:15,SOLUSDT,SELL,238.05200000000002,0.0
286,2021-11-04 13:44:00,ENJUSDT,BUY,3.1218857142857144,48.793400000000005
285,2021-11-04 13:23:01,ENJUSDT,SELL,3.2,0.0
284,2021-11-04 13:16:36,SOLUSDT,BUY,243.359,-32.608000000000004
283,2021-11-04 07:23:42,1000SHIBUSDT,SELL,0.057,0.0
282,2021-11-04 07:20:37,1000SHIBUSDT,SELL,0.057398,20.947138
281,2021-11-04 04:22:28,1000SHIBUSDT,BUY,0.057,0.0
280,2021-11-04 04:08:26,SOLUSDT,SELL,242.0,0.0
279,2021-11-03 14:29:59,CHZUSDT,SELL,0.44908499999999996,-509.34523
278,2021-11-03 03:14:01,ENJUSDT,SELL,2.95,-297.45
277,2021-11-03 00:47:29,ENJUSDT,BUY,3.1,0.0
276,2021-11-02 23:07:29,SOLUSDT,SELL,214.04100000000003,-50.303000000000004
275,2021-11-02 22:30:14,SOLUSDT,BUY,217.0,0.0
274,2021-11-02 22:30:12,SOLUSDT,BUY,217.0,0.0
273,2021-11-02 15:57:35,ENJUSDT,SELL,2.9521333333333337,-79.9863
272,2021-11-02 14:45:22,ENJUSDT,BUY,3.0,0.0
271,2021-11-02 11:10:39,CHZUSDT,BUY,0.5,0.0
270,2021-11-02 10:38:47,1000SHIBUSDT,SELL,0.07068857142857143,58.919506
269,2021-11-02 03:17:22,1000SHIBUSDT,BUY,0.07,0.0
268,2021-11-01 16:44:59,1000SHIBUSDT,SELL,0.072407,625.761169
267,2021-11-01 06:02:54,ENJUSDT,SELL,2.3852,-129.2004
266,2021-10-31 22:29:56,ENJUSDT,BUY,2.55,0.0
265,2021-10-31 20:30:50,ENJUSDT,SELL,2.4753000000000003,-29.89149999
264,2021-10-31 19:45:58,ENJUSDT,BUY,2.4998666666666667,0.0
263,2021-10-31 15:31:35,1000SHIBUSDT,BUY,0.06,0.0
262,2021-10-31 00:22:32,1000SHIBUSDT,SELL,0.0666605,-466.01729598000003
261,2021-10-30 23:14:49,1000SHIBUSDT,BUY,0.06999825000000001,0.0
260,2021-10-30 23:11:58,1000SHIBUSDT,BUY,0.06991347826086958,12.265759
259,2021-10-30 18:20:40,1000SHIBUSDT,SELL,0.07,0.0
258,2021-10-30 13:07:47,1000SHIBUSDT,SELL,0.07328166666666668,-163.46974291
257,2021-10-30 02:11:58,1000SHIBUSDT,BUY,0.0745,0.0
256,2021-10-30 02:11:55,1000SHIBUSDT,BUY,0.074496,0.0
255,2021-10-30 01:08:30,1000SHIBUSDT,SELL,0.07310466666666667,9.523514
254,2021-10-29 18:11:47,1000SHIBUSDT,BUY,0.073,0.0
253,2021-10-28 23:56:20,1000SHIBUSDT,SELL,0.061963333333333336,-54.34977000000001
252,2021-10-28 23:48:07,1000SHIBUSDT,BUY,0.062637,0.0
251,2021-10-28 23:31:30,1000SHIBUSDT,SELL,0.064,-421.416
250,2021-10-28 22:42:01,1000SHIBUSDT,BUY,0.068,0.0
249,2021-10-28 22:37:20,1000SHIBUSDT,BUY,0.06738866666666667,7.048017
248,2021-10-28 20:38:16,1000SHIBUSDT,SELL,0.067521,0.0
247,2021-10-28 20:36:29,SOLUSDT,SELL,197.0775,-99.85899991000001
246,2021-10-28 13:26:15,SOLUSDT,BUY,197.98085714285713,0.0
245,2021-10-28 06:03:32,1000SHIBUSDT,SELL,0.085009,2193.25
244,2021-10-28 01:07:04,1000SHIBUSDT,BUY,0.0743035,0.0
243,2021-10-28 01:00:25,1000SHIBUSDT,SELL,0.07461472222222222,2.29935691
242,2021-10-28 00:52:08,1000SHIBUSDT,BUY,0.0745958,0.0
241,2021-10-28 00:38:59,1000SHIBUSDT,SELL,0.074531,886.34876599
240,2021-10-27 23:15:19,1000SHIBUSDT,BUY,0.0713539,0.0
239,2021-10-27 19:55:48,1000SHIBUSDT,BUY,0.066593,-85.85650199999999
238,2021-10-27 19:45:40,1000SHIBUSDT,SELL,0.066085,0.0
237,2021-10-27 19:18:14,1000SHIBUSDT,BUY,0.067206,-347.04379599
236,2021-10-27 19:10:02,1000SHIBUSDT,SELL,0.0650655,0.0
235,2021-10-27 19:02:39,1000SHIBUSDT,BUY,0.06414600000000001,206.39221095
234,2021-10-27 18:41:52,1000SHIBUSDT,SELL,0.06547922222222222,0.0
233,2021-10-27 18:38:12,1000SHIBUSDT,BUY,0.0665,36.66788398
232,2021-10-27 18:35:51,1000SHIBUSDT,SELL,0.06686742857142856,0.0
231,2021-10-27 18:30:17,1000SHIBUSDT,BUY,0.0686,-281.914808
230,2021-10-27 18:24:37,1000SHIBUSDT,SELL,0.06600133333333334,0.0
229,2021-10-27 18:19:17,1000SHIBUSDT,BUY,0.067,-422.03178796000003
228,2021-10-27 18:10:07,1000SHIBUSDT,SELL,0.06416472727272728,0.0
227,2021-10-27 09:08:42,1000SHIBUSDT,BUY,0.054052,-10.091815
226,2021-10-27 09:01:33,1000SHIBUSDT,SELL,0.054,0.0
225,2021-10-26 18:26:16,1000SHIBUSDT,BUY,0.0473855,-188.99689999
224,2021-10-26 17:21:18,1000SHIBUSDT,SELL,0.0452773,0.0
223,2021-10-25 04:29:11,1000SHIBUSDT,BUY,0.039974,-144.35862
222,2021-10-25 00:00:34,1000SHIBUSDT,SELL,0.038,0.0
221,2021-10-24 21:14:12,1000SHIBUSDT,BUY,0.035568583333333334,395.45666800000004
220,2021-10-24 19:48:30,1000SHIBUSDT,SELL,0.042,0.0
219,2021-10-24 13:53:41,1000SHIBUSDT,BUY,0.041373,-162.047424
218,2021-10-24 10:16:09,1000SHIBUSDT,SELL,0.039,0.0
217,2021-10-24 03:48:14,1000SHIBUSDT,BUY,0.03628,-131.89203
216,2021-10-24 01:50:17,1000SHIBUSDT,SELL,0.034609,0.0
215,2021-10-24 01:44:54,1000SHIBUSDT,BUY,0.034099199999999996,-135.43134899999998
214,2021-10-23 23:00:16,1000SHIBUSDT,SELL,0.033029,0.0
213,2021-10-23 00:17:40,SOLUSDT,BUY,196.26566666666668,824.28899999
212,2021-10-22 19:49:44,SOLUSDT,SELL,208.40014285714284,0.0
211,2021-10-22 19:27:20,SOLUSDT,BUY,208.4805,99.078
210,2021-10-22 18:33:06,SOLUSDT,SELL,210.0,0.0
209,2021-10-22 16:38:56,SOLUSDT,SELL,213.93955555555556,915.948
208,2021-10-22 14:29:18,SOLUSDT,BUY,203.985,0.0
207,2021-10-22 14:27:22,SOLUSDT,BUY,204.14166666666665,-211.507
206,2021-10-22 13:25:11,SOLUSDT,SELL,202.0,0.0
205,2021-10-22 13:22:51,SOLUSDT,BUY,202.03675,2.2729999999999997
204,2021-10-22 13:22:35,SOLUSDT,SELL,202.159,0.0
203,2021-10-22 13:01:08,SOLUSDT,BUY,205.4188333333333,-25.035999999999998
202,2021-10-22 12:55:48,SOLUSDT,SELL,205.0,0.0
201,2021-10-21 23:38:50,SOLUSDT,BUY,184.3918,39.357
200,2021-10-21 22:51:00,SOLUSDT,SELL,185.0,0.0
199,2021-10-21 16:24:11,SOLUSDT,BUY,189.87791666666666,-328.618
198,2021-10-21 15:15:58,SOLUSDT,SELL,185.183,0.0
197,2021-10-21 13:14:24,SOLUSDT,SELL,190.2286,-53.297
196,2021-10-21 13:06:07,SOLUSDT,BUY,191.0,0.0
195,2021-10-21 13:03:20,SOLUSDT,BUY,190.8618181818182,9.03999999
194,2021-10-21 12:49:15,SOLUSDT,SELL,191.0,0.0
193,2021-10-21 12:40:04,SOLUSDT,BUY,192.4246,-99.70100000000001
192,2021-10-21 12:35:25,SOLUSDT,SELL,191.00130769230768,0.0
191,2021-10-21 11:25:34,SOLUSDT,BUY,186.93866666666668,-56.91399999
190,2021-10-21 11:23:23,SOLUSDT,SELL,186.163,0.0
189,2021-10-21 11:04:18,SOLUSDT,SELL,187.85238461538464,1381.18
188,2021-10-21 02:31:24,SOLUSDT,BUY,173.0,0.0
187,2021-10-21 02:26:44,SOLUSDT,BUY,172.43807142857142,5.21499999
186,2021-10-21 00:44:00,SOLUSDT,SELL,172.5,0.0
185,2021-10-20 16:47:12,BTCUSDT,BUY,65619.805,-49.272039989999996
184,2021-10-20 16:47:03,BTCUSDT,SELL,65522.67428571428,0.0
183,2021-10-18 19:23:43,1000SHIBUSDT,BUY,0.02857583333333333,-205.319528
182,2021-10-18 13:38:13,1000SHIBUSDT,SELL,0.027,0.0
181,2021-10-15 16:02:32,1000SHIBUSDT,BUY,0.024909666666666667,-30.074529
180,2021-10-15 15:59:03,1000SHIBUSDT,SELL,0.0247,0.0
179,2021-10-15 15:54:19,1000SHIBUSDT,BUY,0.0250066,-29.592709
178,2021-10-15 15:51:05,1000SHIBUSDT,SELL,0.0248,0.0
177,2021-10-15 15:19:42,1000SHIBUSDT,SELL,0.02514475,24.99470097
176,2021-10-15 14:40:52,1000SHIBUSDT,BUY,0.02493675,0.0
175,2021-10-15 14:31:02,1000SHIBUSDT,BUY,0.024999333333333335,414.58904199999995
174,2021-10-14 14:50:20,1000SHIBUSDT,SELL,0.029007,0.0
173,2021-10-12 20:39:49,1000SHIBUSDT,BUY,0.02876933333333333,24.76264
172,2021-10-12 15:01:30,1000SHIBUSDT,SELL,0.029,0.0
171,2021-10-12 12:09:00,1000SHIBUSDT,SELL,0.03071,-29.47502
170,2021-10-12 09:55:09,1000SHIBUSDT,BUY,0.031,0.0
169,2021-10-12 09:49:45,1000SHIBUSDT,BUY,0.030935,-161.192115
168,2021-10-11 23:21:56,1000SHIBUSDT,SELL,0.0295,0.0
167,2021-10-11 23:16:14,1000SHIBUSDT,SELL,0.029439142857142858,105.735915
166,2021-10-11 12:56:05,1000SHIBUSDT,BUY,0.0285,0.0
165,2021-10-11 12:56:04,1000SHIBUSDT,BUY,0.0285,0.0
164,2021-10-11 12:56:03,1000SHIBUSDT,BUY,0.0285,0.0
163,2021-10-11 09:08:29,1000SHIBUSDT,SELL,0.0268318,-19.888126999999997
162,2021-10-11 08:39:54,1000SHIBUSDT,BUY,0.027,0.0
161,2021-10-09 21:56:37,1000SHIBUSDT,BUY,0.025945875,-13.720469
160,2021-10-09 21:36:24,1000SHIBUSDT,SELL,0.025836,0.0
159,2021-10-09 21:31:38,1000SHIBUSDT,BUY,0.025904,2.87924
158,2021-10-09 21:31:18,1000SHIBUSDT,SELL,0.026044,0.0
157,2021-10-09 21:12:33,1000SHIBUSDT,BUY,0.026498125,109.318742
156,2021-10-09 16:08:20,1000SHIBUSDT,SELL,0.0275,0.0
155,2021-10-09 02:45:53,1000SHIBUSDT,SELL,0.026822,23.99812
154,2021-10-09 00:35:01,1000SHIBUSDT,BUY,0.026617,0.0
153,2021-10-09 00:22:12,1000SHIBUSDT,BUY,0.02659,35.10215
152,2021-10-08 22:50:55,1000SHIBUSDT,SELL,0.027,0.0
151,2021-10-08 22:39:21,1000SHIBUSDT,SELL,0.027928500000000002,599.775282
150,2021-10-08 12:52:50,1000SHIBUSDT,BUY,0.0225,0.0
149,2021-10-08 12:46:29,1000SHIBUSDT,BUY,0.02242,153.28686
148,2021-10-07 23:52:12,1000SHIBUSDT,SELL,0.024,0.0
147,2021-10-07 23:16:41,1000SHIBUSDT,BUY,0.025374999999999998,-30.966079
146,2021-10-07 23:03:25,1000SHIBUSDT,SELL,0.025045,0.0
145,2021-10-07 23:02:39,1000SHIBUSDT,SELL,0.025058,5.467602
144,2021-10-07 22:32:52,1000SHIBUSDT,BUY,0.025,0.0
143,2021-10-07 22:20:18,1000SHIBUSDT,BUY,0.024575,349.922482
142,2021-10-07 17:38:18,SOLUSDT,SELL,154.49,15.3
141,2021-10-07 17:23:58,1000SHIBUSDT,SELL,0.030217,0.0
140,2021-10-07 17:21:29,1000SHIBUSDT,SELL,0.030933,-4.091757
139,2021-10-07 10:50:11,1000SHIBUSDT,BUY,0.031,0.0
138,2021-10-07 10:44:41,SOLUSDT,SELL,156.0,43.47
137,2021-10-07 10:35:25,SOLUSDT,SELL,156.0,7.245
136,2021-10-06 12:57:18,SOLUSDT,BUY,153.585,0.0
135,2021-10-06 03:53:59,1000SHIBUSDT,BUY,0.01803981818181818,-285.459644
134,2021-10-06 00:49:31,1000SHIBUSDT,SELL,0.016,0.0
133,2021-10-06 00:48:48,1000SHIBUSDT,BUY,0.016008,46.04792
132,2021-10-06 00:34:37,1000SHIBUSDT,SELL,0.016703,0.0
131,2021-10-06 00:32:54,SOLUSDT,SELL,165.05,-38.0
130,2021-10-06 00:25:30,SOLUSDT,BUY,166.0,0.0
129,2021-10-06 00:25:29,SOLUSDT,BUY,166.0,0.0
128,2021-10-06 00:16:02,1000SHIBUSDT,BUY,0.0170106,-1.52853499
127,2021-10-05 23:46:41,1000SHIBUSDT,SELL,0.017,0.0
126,2021-10-05 23:38:09,SOLUSDT,BUY,164.5100909090909,123.45299998
125,2021-10-04 17:43:12,SOLUSDT,SELL,167.84616666666668,0.0
124,2021-10-04 17:41:43,SOLUSDT,SELL,167.1445,-194.312
123,2021-10-04 17:02:23,SOLUSDT,BUY,172.0,0.0
122,2021-10-04 17:01:04,SOLUSDT,BUY,172.36483333333334,26.37899998
121,2021-10-03 19:08:15,SOLUSDT,SELL,173.06385714285713,0.0
120,2021-10-03 18:55:55,SOLUSDT,SELL,172.11475000000002,156.338
119,2021-10-02 18:36:27,SOLUSDT,BUY,168.0,0.0
118,2021-10-02 18:36:26,SOLUSDT,BUY,168.0,0.0
117,2021-10-02 18:36:20,SOLUSDT,BUY,168.0,0.0
116,2021-10-02 18:36:19,SOLUSDT,BUY,168.0,0.0
115,2021-10-02 18:36:18,SOLUSDT,BUY,168.0,0.0
114,2021-10-02 03:27:12,SOLUSDT,BUY,160.18699999999998,-70.17799997
113,2021-10-02 03:13:01,SOLUSDT,SELL,158.284,0.0
112,2021-10-02 03:10:19,SOLUSDT,SELL,159.42,-21.46
111,2021-10-02 02:33:27,SOLUSDT,BUY,160.0,0.0
110,2021-10-02 01:51:45,SOLUSDT,SELL,160.0,525.0
109,2021-10-01 13:30:52,SOLUSDT,BUY,145.0,0.0
108,2021-10-01 13:30:51,SOLUSDT,BUY,145.0,0.0
107,2021-09-28 22:29:10,SOLUSDT,SELL,131.14275,-12.48199998
106,2021-09-28 22:04:56,SOLUSDT,BUY,131.46366666666665,0.0
105,2021-09-28 21:46:11,SOLUSDT,BUY,131.08325,329.45199997
104,2021-09-28 02:13:38,SOLUSDT,SELL,137.543,0.0
103,2021-09-28 02:10:53,SOLUSDT,SELL,138.93833333333333,-109.381
102,2021-09-28 00:55:40,SOLUSDT,BUY,141.0,0.0
101,2021-09-28 00:55:39,SOLUSDT,BUY,141.0,0.0
100,2021-09-28 00:50:17,SOLUSDT,SELL,140.13215384615384,11.82999995
99,2021-09-28 00:26:43,SOLUSDT,BUY,139.91075,0.0
98,2021-09-28 00:25:05,SOLUSDT,BUY,140.04379999999998,-38.548
97,2021-09-28 00:17:43,SOLUSDT,SELL,139.34,0.0
96,2021-09-27 23:23:08,SOLUSDT,SELL,141.804,-0.099
95,2021-09-27 11:54:35,SOLUSDT,BUY,141.8005,0.0
94,2021-09-27 11:53:23,SOLUSDT,BUY,140.9155,-0.068
93,2021-09-27 11:53:03,SOLUSDT,SELL,140.906,0.0
92,2021-09-27 04:36:22,SOLUSDT,BUY,140.053,-237.517
91,2021-09-27 02:04:57,SOLUSDT,SELL,134.117,0.0
90,2021-09-27 02:04:14,SOLUSDT,SELL,134.3654,2.22199998
89,2021-09-27 02:04:08,SOLUSDT,BUY,134.30783333333332,0.0
88,2021-09-27 02:03:03,SOLUSDT,SELL,134.38,-24.863
87,2021-09-26 12:57:48,SOLUSDT,BUY,135.0,0.0
86,2021-09-26 12:45:07,SOLUSDT,BUY,133.98616666666666,212.66799996
85,2021-09-25 13:46:07,SOLUSDT,SELL,140.238,0.0
84,2021-09-25 13:10:12,SOLUSDT,BUY,141.7948,-54.93199997
83,2021-09-24 17:41:26,SOLUSDT,SELL,140.27642857142857,0.0
82,2021-09-24 11:05:49,SOLUSDT,BUY,145.238,5.07799999
81,2021-09-23 14:12:03,SOLUSDT,SELL,145.39585714285712,0.0
80,2021-09-23 03:09:53,SOLUSDT,BUY,150.10066666666668,-220.56799998
79,2021-09-23 00:49:24,SOLUSDT,SELL,144.452,0.0
78,2021-09-22 23:40:39,SOLUSDT,SELL,146.6536,-46.888
77,2021-09-22 23:28:48,SOLUSDT,BUY,147.857,0.0
76,2021-09-22 23:18:44,SOLUSDT,BUY,146.76850000000002,-30.475
75,2021-09-22 22:33:45,SOLUSDT,SELL,146.007,0.0
74,2021-09-22 14:49:56,SOLUSDT,BUY,128.347,-16.309
73,2021-09-22 14:45:13,SOLUSDT,SELL,128.0,0.0
72,2021-09-21 23:12:48,SOLUSDT,BUY,125.91675000000001,694.34
71,2021-09-21 16:42:45,SOLUSDT,SELL,141.011,0.0
70,2021-09-21 16:39:09,SOLUSDT,BUY,141.79525,-23.62399998
69,2021-09-21 15:53:12,SOLUSDT,SELL,141.28983333333335,0.0
68,2021-09-21 15:42:25,SOLUSDT,SELL,140.834,203.02800000000002
67,2021-09-20 15:48:37,SOLUSDT,BUY,136.0,0.0
66,2021-09-18 16:44:40,AUDIOUSDT,SELL,2.8305999999999996,-24.11859997
65,2021-09-18 13:40:11,AUDIOUSDT,BUY,2.85,0.0
64,2021-09-18 13:39:01,AUDIOUSDT,BUY,2.85,0.0
63,2021-09-18 13:38:47,AUDIOUSDT,BUY,2.85,0.0
62,2021-09-18 13:38:38,AUDIOUSDT,BUY,2.8498666666666668,0.0
61,2021-09-18 13:16:12,SOLUSDT,BUY,159.4365,-16.065
60,2021-09-18 12:47:40,SOLUSDT,SELL,159.0,0.0
59,2021-09-18 12:41:43,SOLUSDT,SELL,158.4962,-34.717
58,2021-09-18 12:22:09,SOLUSDT,BUY,160.0,0.0
57,2021-09-18 12:03:09,SOLUSDT,SELL,158.66666666666666,102.664
56,2021-09-17 22:43:51,SOLUSDT,BUY,144.0,0.0
55,2021-09-17 22:41:42,SOLUSDT,SELL,143.76266666666666,-5.4719999999999995
54,2021-09-17 22:40:24,SOLUSDT,BUY,144.0,0.0
53,2021-09-17 20:50:03,SOLUSDT,SELL,141.2128,-69.683
52,2021-09-17 18:39:04,SOLUSDT,BUY,144.0,0.0
51,2021-09-13 17:19:28,ADAUSDT,SELL,2.335,-125.55
50,2021-09-13 14:36:25,ADAUSDT,BUY,2.41,0.0
49,2021-09-12 23:34:26,ADAUSDT,SELL,2.5895375,-188.46890000000002
48,2021-09-12 23:02:31,ADAUSDT,BUY,2.7000000000000006,0.0
47,2021-09-11 21:33:00,SOLUSDT,SELL,185.436375,10.539000000000001
46,2021-09-11 16:18:21,SOLUSDT,BUY,185.0,0.0
45,2021-09-11 15:27:08,ADAUSDT,SELL,2.76856,-12.745600000000001
44,2021-09-11 15:18:58,ADAUSDT,BUY,2.78,0.0
43,2021-09-11 15:18:12,ADAUSDT,BUY,2.7813555555555554,-36.111200000000004
42,2021-09-11 15:14:22,ADAUSDT,SELL,2.75,0.0
41,2021-09-11 15:14:21,ADAUSDT,SELL,2.75,0.0
40,2021-09-10 05:10:16,SOLUSDT,BUY,195.1726666666667,-101.67799999
39,2021-09-10 02:06:00,SOLUSDT,SELL,191.26114285714286,0.0
38,2021-09-10 02:04:26,SOLUSDT,SELL,192.14166666666665,1.56299999
37,2021-09-10 01:44:41,SOLUSDT,BUY,192.05,0.0
36,2021-09-10 01:42:41,SOLUSDT,BUY,193.7865,33.883
35,2021-09-10 01:13:20,SOLUSDT,SELL,195.144,0.0
34,2021-09-10 01:12:18,SOLUSDT,SELL,195.402,-64.022
33,2021-09-10 01:03:58,SOLUSDT,BUY,197.86299999999997,0.0
32,2021-09-09 15:56:33,SOLUSDT,BUY,205.6976666666667,-102.562
31,2021-09-09 15:50:37,SOLUSDT,SELL,200.0,0.0
30,2021-09-09 12:55:45,SOLUSDT,BUY,212.915,-78.76599999999999
29,2021-09-09 11:43:11,SOLUSDT,SELL,210.0,0.0
28,2021-09-08 23:48:08,SOLUSDT,BUY,188.7075,37.484
27,2021-09-08 23:31:15,SOLUSDT,SELL,190.0,0.0
26,2021-09-08 23:31:13,SOLUSDT,SELL,190.0,0.0
25,2021-09-08 22:42:12,SOLUSDT,SELL,189.864,594.872
24,2021-09-08 18:36:23,SOLUSDT,BUY,164.0,0.0
23,2021-09-08 18:16:10,SOLUSDT,BUY,160.824,22.981
22,2021-09-08 14:23:17,SOLUSDT,SELL,164.107,0.0
21,2021-09-07 20:10:06,SOLUSDT,BUY,183.55,-24.85
20,2021-09-07 20:03:10,SOLUSDT,SELL,180.0,0.0
19,2021-09-07 19:40:32,SOLUSDT,BUY,185.29633333333334,-37.566
18,2021-09-07 19:36:39,SOLUSDT,SELL,182.607,0.0
17,2021-09-07 19:25:12,SOLUSDT,SELL,182.701,-107.467
16,2021-09-07 19:23:30,SOLUSDT,BUY,189.411,0.0
15,2021-09-07 16:15:49,SOLUSDT,BUY,182.53633333333335,-24.584
14,2021-09-07 15:28:12,SOLUSDT,SELL,181.0,0.0
13,2021-09-07 14:56:57,SOLUSDT,BUY,184.4155,-9.724
12,2021-09-07 14:44:37,SOLUSDT,SELL,184.0125,0.0
11,2021-09-07 14:09:14,SOLUSDT,BUY,187.698,-40.032
10,2021-09-07 13:57:12,SOLUSDT,SELL,186.03,0.0
9,2021-09-07 12:20:18,SOLUSDT,BUY,181.327,-22.559
8,2021-09-07 12:14:32,SOLUSDT,SELL,180.0,0.0
7,2021-09-07 12:04:12,SOLUSDT,BUY,181.336,-34.76
6,2021-09-07 12:00:44,SOLUSDT,SELL,180.0,0.0
5,2021-09-07 11:45:03,SOLUSDT,SELL,177.7925,626.8479999900001
4,2021-09-06 16:54:41,SOLUSDT,BUY,144.7905,0.0
3,2021-09-05 00:52:30,SOLUSDT,SELL,141.04149999999998,0.81599998
2,2021-09-05 00:06:23,SOLUSDT,BUY,141.0,0.0
1,2021-09-04 12:01:01,SOLUSDT,SELL,146.339,-33.22
0,2021-09-04 04:22:19,SOLUSDT,BUY,148.0,0.0
